web-scraper-order,web-scraper-start-url,imgs-src,title,content,title_link,title_link-href,time,contests
1640910085-175,https://search.sina.com.cn/?c=news&q=%E7%96%AB%E6%83%85&from=home&ie=utf-8,https://n.sinaimg.cn/sinakd20211230s/117/w600h317/20211230/217b-db1708714b0923706af4d7c6affe3c2e.jpg,,当地时间2021年12月26日，美国得克萨斯州奥斯汀，大批民众驾车排长队等待核酸检测。图片来源：视觉中国这已经是新冠病毒侵袭人类的第三个冬天了。全球累计确诊病例,,,,
1640910314-208,https://search.sina.com.cn/?c=news&q=%E7%96%AB%E6%83%85&from=home&ie=utf-8,,,当地时间2021年12月26日，美国得克萨斯州奥斯汀，大批民众驾车排长队等待核酸检测。图片来源：视觉中国这已经是新冠病毒侵袭人类的第三个冬天了。全球累计确诊病例,因疫情防控需要，青岛取消跨年夜无人机飞行表演,https://k.sina.com.cn/article_5328858693_13d9fee4502001dnhb.html,2021年12月31日 07:34,"齐鲁晚报·齐鲁壹点记者 高雅洁　　12月30日20时21分，青岛旅游集团有限公司发布活动取消通知，原定于2021年12月31日晚9时在青岛奥林匹克帆船中心举行的无人机飞行表演活动，因新冠疫情防控安全需要，现决定取消。
								
				  
				
				

				特别声明：以上文章内容仅代表作者本人观点，不代表新浪网观点或立场。如有关于作品内容、版权或其它问题请于作品发表后的30日内与新浪网联系。"
1640910226-204,https://search.sina.com.cn/?c=news&q=%E7%96%AB%E6%83%85&from=home&ie=utf-8,,,当地时间2021年12月26日，美国得克萨斯州奥斯汀，大批民众驾车排长队等待核酸检测。图片来源：视觉中国这已经是新冠病毒侵袭人类的第三个冬天了。全球累计确诊病例,待补镇再度巩固疫情防线,https://k.sina.com.cn/article_7517400647_1c0126e47059027olo.html,2021年12月30日 19:54,"近期，多地发生疫情，加之春节临近，返乡人员流动规模大，疫情防控难度加大，为进一步筑牢安全屏障，待补镇加大防控力度，绷紧防控之弦，织密防控网。　　　　复制图片　　重点人群重点管控。建立返乡人员台账，统计返乡出发地、最近活动地、交通工具等详细信息，按照上级要求，对于疫情风险区返乡人员实行相应管控措施。　　重点场所重点监管。在超市、客运站、医院、农贸市场等人群密集的场所，待补镇要求严格执行“测体温、扫码、亮码、戴口罩”通行，若发现“红码”“黄码”对象及时登记信息，并向镇疫情防控指挥部上报。对超市收银处张贴1 m 线，严格管控安全距离。　　重点提升防控意识。张贴、发放“致待补镇广大人民群众的一封信”，提升群众的防控意识，引导群众家属返乡时主动积极上报。共计发放1500余张“致待补镇广大人民群众的一封信”。提倡“喜事缓办，丧事简办，宴会不办”，确实需举办的需提前填写“酒席操办审批表”，并做好相应防控措施。　　待补镇：李丹　　编辑：罗丽红　　来源：掌上曲靖
								
				  
				
				

				特别声明：以上文章内容仅代表作者本人观点，不代表新浪网观点或立场。如有关于作品内容、版权或其它问题请于作品发表后的30日内与新浪网联系。"
1640910085-172,https://search.sina.com.cn/?c=news&q=%E7%96%AB%E6%83%85&from=home&ie=utf-8,https://n.sinaimg.cn/sinakd20120/200/w600h400/20210719/013c-b20f7c11ba1bddafeb0f3e1efc2fc545.jpg,,当地时间2021年12月26日，美国得克萨斯州奥斯汀，大批民众驾车排长队等待核酸检测。图片来源：视觉中国这已经是新冠病毒侵袭人类的第三个冬天了。全球累计确诊病例,,,,
1640910387-212,https://search.sina.com.cn/?c=news&q=%E7%96%AB%E6%83%85&from=home&ie=utf-8,,,当地时间2021年12月26日，美国得克萨斯州奥斯汀，大批民众驾车排长队等待核酸检测。图片来源：视觉中国这已经是新冠病毒侵袭人类的第三个冬天了。全球累计确诊病例,2022全球疫情如何演变？评估变异频率很关键｜界面预言家⑰,https://k.sina.com.cn/article_6192937794_17120bb4202001qivx.html,2021年12月31日 07:45,"当地时间2021年12月26日，美国得克萨斯州奥斯汀，大批民众驾车排长队等待核酸检测。图片来源：视觉中国　　这已经是新冠病毒侵袭人类的第三个冬天了。全球累计确诊病例直奔3亿关口，累计死亡超542万例。　　两年间，阿尔法、贝塔、伽马、德尔塔……病毒不断变换面貌轮番袭来，伴随我们进入新一年的是最新变种奥密克戎。短短一个多月，奥密克戎已在100多个国家成为主流毒株。　　由奥密克戎引发的新一波全球疫情将会走向何方？2022年疫情会终结吗？这会是我们与病毒共存的最后一个寒冬吗？　　科学界：谨慎的乐观　　香港大学公共卫生学院教授高本恩（Ben Cowling）对界面新闻预测，到2022年年中，全世界大部分地区将放松所有公共卫生措施，恢复到疫情前的水平。但在未来3、4个月内仍将有高感染率和死亡率。　　“现在可以说是疫情终局的开始。随着疫苗的普及以及加强针的推出，疫情会进一步趋缓，重症率和死亡率会进一步下降，这样我们逐渐会从这场大流行中慢慢恢复过来。”病毒学专家金冬雁也对界面新闻表示。　　最新的初步研究结果显示，感染奥密克戎的住院率更低、症状更轻微。英国爱丁堡大学研究团队基于苏格兰540万人的健康记录，发现奥密克戎导致感染者住院的风险，比德尔塔毒株低三分之二。南非研究人员也称，与其他变种相比，奥密克戎感染者出现严重并发症、并需要住院（例如需要吸氧或进重症监护室）的风险降低了。　　尽管如此，世卫组织仍表达了担忧情绪，警告不要轻敌。　　12月21日，世卫组织欧洲区域主任汉斯·克鲁格说，世卫组织敦促欧洲为另一场“新冠风暴”做好准备，“另一场风暴即将来临。”　　世卫组织持谨慎态度，出发点是对医疗卫生系统崩溃的担心。虽然奥密克戎“毒性”变小，但若在庞大的感染基数面前，必然挤兑医疗资源，持续作战的医疗系统大概率会垮塌。　　临近岁末，在奥密克戎已成主流毒株的美国，每日新增确诊病例持续超过50万。美国国家过敏症和传染病研究所所长福奇就此表示：“我们不希望看到大家掉以轻心，虽然奥密克戎感染的病症不严重，但出现这么多新确诊病例可能抵消该因素。”　　按照福奇的最新预测，美国本轮奥密克戎感染疫情可能会在1月底达到顶峰。　　开放：不一致的步伐　　2022年，一个国家或地区开放的程度，更多来自于政治驱动。由于国情和考量不同，世界上不同国家和地区的恢复将不同步。部分地区可能很快走出疫情，而另一些地区可能仍会在更长时间内保留防疫措施。　　对一些地方来说，当这波奥密克戎冲击波过去后，疫情将很快结束。比如，民众对封锁抵抗情绪较大的欧美地区。　　香港大学的高本恩表示，“未来半年内的疫情带来的影响取决于人口中的免疫程度”，这种免疫包括疫苗接种所得以及自然感染所得。　　国际知名病毒学家罗光湘对界面新闻表示，从目前对疫情的总体评估来看，尽管在奥密克戎毒株的攻击下，出现了突破感染，即感染过新冠病毒的人也会感染奥密克戎变异株，但是症状比较轻微，死亡率也降低了。　　随着更多国家放开防疫限制，区域经济恢复，疫情对全球经济的冲击将进一步减弱。摩根大通在2022年的展望报告中称，新的疫苗和疗法将引发“强劲的周期性复苏、全球流动性的回归以及消费者被压抑需求的释放”。该行中国首席经济学家兼大中华区经济研究主管朱海斌预计，2022年全球经济复苏会持续，且会进一步转向服务业等领域，但增速将低于2021年。　　英国智库经济与商业研究中心（CEBR）在12月26日发布预测称，全球经济规模将在2022年首次突破100万亿美元，比该机构之前的预测提前了2年。报告对2022年的经济增长态势持乐观态度，并把增长率从一年前的3.4%大幅调升到4.2%。但报告认为通胀和供应链问题仍在困扰着全球经济未来的表现。　　变异：可预期的“新常态”　　指望新冠病毒在未来哪一天消失，或者完全回到疫情前的状态，不太现实，但恢复到新常态是可以预期的。口罩预计仍然会在较长时期内是日常必备品。室内场所以及国际旅行中的口罩、保持社交距离等防护措施，在很长一段时间内都将如影随形。　　“新冠病毒的变异频率比较快，所以估计时不时会出现新的变异株。西方很多学者，还有我个人也认为，新冠病毒差不多可以称作与人类共存。所以我们也要不断更新疫苗，同时对个人来说，平时需要做好防护。”罗光湘表示。　　除疫苗外，抗新冠口服药物的研发也不断取得突破。11月，全球首款抗新冠口服药——默沙东/Ridgeback的小分子药物Molnupiravir在英国率先获批使用。12月，美国食品和药物管理局批准首款可紧急用于治疗新冠感染的辉瑞口服药Paxlovid。　　但不能指望由药物来终结疫情。“药物目前的研发动机是治疗而不是预防。因为从预防来说，药物的性价比不是特别高，药物研发和价格比较昂贵，在群体应用上来说不是非常现实。但对于免疫力低下、感染症状比较严重的人群，有效的药物可以降低死亡率。所以两手都要准备，疫苗是首选，药物是备选。”罗光湘说。　　他还指出，真正能够对未来起预测作用的，是评估新冠病毒的变异频率。“新冠病毒在某种程度上类似于流感，也会经常突变，但是它的突变频率有多高？目前还缺乏这方面的研究。”
								
				  
				
				

				特别声明：以上文章内容仅代表作者本人观点，不代表新浪网观点或立场。如有关于作品内容、版权或其它问题请于作品发表后的30日内与新浪网联系。"
1640910332-209,https://search.sina.com.cn/?c=news&q=%E7%96%AB%E6%83%85&from=home&ie=utf-8,,,当地时间2021年12月26日，美国得克萨斯州奥斯汀，大批民众驾车排长队等待核酸检测。图片来源：视觉中国这已经是新冠病毒侵袭人类的第三个冬天了。全球累计确诊病例,河南一地发布通告，对疫情防控期间这些行为依法严厉打击,https://k.sina.com.cn/article_7517400647_1c0126e47059027uo5.html,2021年12月31日 07:36,"鹤壁浚县公安局关于依法严厉打击　　疫情防控期间违法犯罪行为的通告　　当前，国内新冠肺炎疫情呈现多点爆发态势，全国疫情中高风险地区持续增加，我省也相继出现确诊病例，疫情防控形势异常严峻。为全力做好我县新冠肺炎疫情防控工作，切实保障人民群众生命健康安全，维护良好的社会公共秩序，根据《中华人民共和国突发事件应对法》、《突发公共卫生事件应急条例》、《中华人民共和国传染病防治法》、《中华人民共和国刑法》、《中华人民共和国治安管理处罚法》等法律法规及相关司法解释，公安机关将依法打击妨害疫情防控的违法犯罪行为。现就有关事项通告如下:　　一、乘坐公共交通工具，出入小区、超市、菜市场、酒店等公共场所，拒不配合防疫相关工作规定的，涉嫌违反《中华人民共和国治安管理处罚法》第二十三条之规定，以扰乱公共场所秩序，处以警告或者200元以下罚款；情节严重的，将处以5日以下10日以下拘留，可以并处500元以下罚款。引起新型冠状病毒传播或者有传播危险的，以涉嫌妨害传染病防治罪依法追究刑事责任。　　二、纳入核酸检测范围的有关单位和个人，违反《突发公共卫生事件应急条例》的相关规定，不参加统一组织的核酸检测或者不配合调查、采样、技术分析和检验的，涉嫌违反《中华人民共和国治安管理处罚法》第五十条之规定，以阻碍执行职务或者拒不执行人民政府紧急状态下发布的决定、命令，处以警告或者200元以下罚款；情节严重的，将处以5日以下10日以下拘留，可以并处500元以下罚款。引起新型冠状病毒传播或者有传播危险的，以涉嫌妨害传染病防治罪依法追究刑事责任。　　三、封控、封闭小区的居民拒不配合管理，擅自或者强行外出、聚集的，涉嫌违反《中华人民共和国治安管理处罚法》第五十条之规定，以扰阻碍执行职务或者拒不执行人民政府紧急状态下发布的决定、命令，予以治安处罚。引起新型冠状病毒传播或者有传播危险的，以涉嫌妨害传染病防治罪依法追究刑事责任。　　四、具有发热、干咳、乏力、嗅觉味觉减退等症状的人员，未按照疫情防控要求，到正规医院发热门诊就医，经劝阻无效的，涉嫌违反《中华人民共和国治安管理处罚法》第五十条之规定，以拒不执行人民政府紧急状态下发布的决定、命令，处以警告或者200元以下罚款；情节严重的，将处以5日以下10日以下拘留，可以并处500元以下罚款。引起新型冠状病毒传播或者有传播危险的，以涉嫌妨害传染病防治罪依法追究刑事责任。　　五、从国内外中高风险地区归来健康码为黄码、红码的人员，故意隐瞒病情、行程信息以及与确诊病例或者疑似病例密切接触史且不向社区管控单位如实报告的，涉嫌违反《中华人民共和国治安管理处罚法》第五十条之规定，以拒不执行人民政府紧急状态下发布的决定、命令，处以警告或者200元以下罚款；情节严重的，将处以5日以下10日以下拘留，可以并处500元以下罚款。引起新型冠状病毒传播或者有传播危险的，以涉嫌妨害传染病防治罪依法追究刑事责任。　　六、全县设置的疫情防控健康服务站和公安机关按照要求依法对相关车辆和人员开展盘查、登记、检测、检疫、流行病学调查等工作，接受盘查、登记、检测、检疫、流行病学调查的人员应当主动配合有关部门依法开展的疫情防控工作。如果以殴打、冲撞、逃跑等方法阻碍国家机关工作人员（含在依照法律、法规规定行使国家有关疫情防控行政管理职权的组织中从事公务的人员，在受国家机关委托代表国家机关行使疫情防控职权的组织中从事公务的人员，虽未列入国家机关人员编制但在国家机关中从事疫情防控公务的人员）依法采取的防疫、检疫、强制隔离和治疗、劝返、流行病学调查等预防、控制措施的，以涉嫌妨害公务罪依法追究刑事责任。暴力袭击正在执行职务的人民警察的，以涉嫌袭警罪从重处罚。尚未使用暴力或者以暴力相威胁，随意辱骂国家工作人员或者隐瞒事实、故意躲藏，拒绝阻碍流行病学调查工作的，依照《中华人民共和国治安管理处罚法》第五十条和第二十六条的规定，以阻碍执行职务和寻衅滋事予以治安处罚。　　七、卫生防疫机构根据新型冠状病毒医学检测结果，依照《中华人民共和国传染病防治法》的规定，有权向有关人员提出预防、控制措施。如拒绝执行有关机构提出的预防、控制措施，涉嫌违反《中华人民共和国治安管理处罚法》第五十条之规定，以扰阻碍执行职务或者拒不执行人民政府紧急状态下发布的决定、命令，予以治安处罚。引起新型冠状病毒传播或者有传播危险的，以涉嫌妨害传染病防治罪依法追究刑事责任。　　八、对医学检测已经确诊的新型冠状病毒感染肺炎病人，应当积极接受医疗机构的治疗，如果拒绝接受检疫、强制隔离或者治疗，擅自逃离防治场所或者隔离期未满擅自脱离隔离治疗，并进入公共场所或者公共交通工具，危害公共安全的，以以危险方法危害公共安全罪依法追究刑事责任。　　九、新冠肺炎治疗期间，确诊患者或者疑似病例如为发泄不满情绪，无视法律，在医疗公共场所随意殴打、恐吓医务人员、任意损毁财物、强拿硬要、追逐拦截他人、起哄闹事，造成公共场所秩序和正常的医疗机构工作秩序严重混乱的，以涉嫌寻衅滋事罪依法追究刑事责任；对医务人员实施撕扯防护装备、吐口水等行为，致使医务人员感染新型冠状病毒的，以故意伤害罪依法追究刑事责任。尚未构成犯罪的，依照《中华人民共和国治安管理处罚法》的规定依法予以治安处罚。　　十、，以涉嫌编造、故意传播虚假信息罪或者寻衅滋事罪依法追究刑事责任；构不成犯罪的，依法予以治安处罚。在预防、控制、治疗突发传染病疫情等灾害期间，在公共场所、网络或者其它媒体编造与突发传染病疫情等灾害有关的虚假疫情信息，或者明知是编造的此类虚假疫情信息而故意传播，严重扰乱社会秩序的　　十一、为了切断新冠肺炎病毒的传播途径，人民政府或者疫情防控领导机构在紧急状态下，有权在本区域内发布限制或者停止人群在宾馆、饭店、超市、歌厅、棋牌室等公共场所聚集并采取有关查验、防控措施的决定和命令。如不服从命令仍然公众聚集或者拒不服从公共场所的查验、防控措施，有造成病毒传播危险的，以拒不执行人民政府在紧急状态下发布的决定、命令予以治安处罚；构成犯罪的，依法追究刑事责任。　　十二、在疫情防控期间，生产、销售伪劣的医用口罩、护目镜、防护服等医用器材，或者生产、销售不符合保障人体健康的国家标准、行业标准的医用器材，足以严重危害人体健康的，以生产、销售伪劣产品罪和生产、销售不符合标准的医用器材罪定罪处罚。　　十三、疫情防控期间，违反国家有关市场经营、价格管理等规定，囤积居奇，哄抬疫情防控急需的口罩、消毒液等防护用品或者其它涉及民生的物品价格，严重扰乱市场秩序的，以非法经营罪依法追究刑事责任。　　十四、以非法占有为目的，明知无口罩货源或者以少量口罩为诱饵，采取收取对方定金、货款等方式骗取公私财物，以诈骗罪依法追究刑事责任。　　希望社会各界同心协力，共度时艰，按照“外防输入、内防扩散、人物同防”的工作要求，把各项防控措施落到实处，共同维护好疫情防控期间的社会秩序和我们共同的家园。　　浚县公安局　　2021年12月28日　　来源 | “平安浚县”微信公众号　　来源：郑州晚报
								
				  
				
				

				特别声明：以上文章内容仅代表作者本人观点，不代表新浪网观点或立场。如有关于作品内容、版权或其它问题请于作品发表后的30日内与新浪网联系。"
1640910085-194,https://search.sina.com.cn/?c=news&q=%E7%96%AB%E6%83%85&from=home&ie=utf-8,,关于进一步落实失业保险支持疫情防控有关政策的通知,当地时间2021年12月26日，美国得克萨斯州奥斯汀，大批民众驾车排长队等待核酸检测。图片来源：视觉中国这已经是新冠病毒侵袭人类的第三个冬天了。全球累计确诊病例,,,,
1640910085-178,https://search.sina.com.cn/?c=news&q=%E7%96%AB%E6%83%85&from=home&ie=utf-8,https://n.sinaimg.cn/sinakd20211230s/638/w319h319/20211230/dc00-bc8d9df6176607259fd14f639590f07d.jpg,,当地时间2021年12月26日，美国得克萨斯州奥斯汀，大批民众驾车排长队等待核酸检测。图片来源：视觉中国这已经是新冠病毒侵袭人类的第三个冬天了。全球累计确诊病例,,,,
1640910184-202,https://search.sina.com.cn/?c=news&q=%E7%96%AB%E6%83%85&from=home&ie=utf-8,,,当地时间2021年12月26日，美国得克萨斯州奥斯汀，大批民众驾车排长队等待核酸检测。图片来源：视觉中国这已经是新冠病毒侵袭人类的第三个冬天了。全球累计确诊病例,宜君法院：疫情防控，与法同行,https://k.sina.com.cn/article_5947596631_162811f57020027ydm.html,2021年12月30日 19:53,"疫情就是命令，防控就是责任。当前疫情防控形势严峻，在这场没有硝烟的战争中，根据市、县疫情指挥部关于疫情防控的要求，宜君法院迅速召开各部门负责人会议，就我院做好疫情防控和协助做好全县疫情防控工作作出重要安排部署，要求我院广大干警以“铁”一般的理想信念和责任担当坚守一线为人民群众筑起高高的“防疫墙”。　　连日来，宜君法院严格遵守疫情指挥部防控要求，严格排查12月4日以来西安返宜人员，同时按要求做好院内疫情防控工作，重点做好门卫室、诉讼服务大厅等消杀工作以及来院人员的测温、扫码、查验核酸检测工作。　　12月25日以来，宜君法院对协助做好百隆公司小区疫情防控工作高度重视，第一时间组织干警进行实地入户走访排查，确保“不漏一户、不漏一人”，对8名健康监测、居家隔离人员由党组成员分工负责，责任到人，做到底数清、情况明。加强值班站岗，坚持每天三班，每班两人轮流24小时值班，查验 “两码一核酸”，排查外来人员，做到严防死守，杜绝重点人员进出小区。以“疫”往直前的勇气，坚守在疫情防控第一线。　　12月28日，宜君法院党组书记、院长梁军龙前往百隆公司小区查看疫情防控工作。他强调，各值班人员要认真值守，严格按照要求开展疫情防控工作，坚决防止隔离人员外出。同时，各位干警也严格做好防护措施，确保安全第一。　　同日，宜君法院党组成员、党支部书记郑亚军带队前往帮扶村送去防疫物资，口罩、消毒液、值班值守食品等，实地查看疫情防控工作，慰问一线疫情防控工作人员，要求宜君法院驻村干警帮助帮扶村切实做好疫情防控工作。　　12月28日，为不断充实疫情防控力量，助力早日打赢疫情防控阻击战，宜君法院积极响应团委关于疫情防控的工作要求，每天抽调两名干警前往休闲广场协助做好志愿服务。　　编辑：王晨伟　　责编：郑黎波　　主编：姚启明
								
				  
				
				

				特别声明：以上文章内容仅代表作者本人观点，不代表新浪网观点或立场。如有关于作品内容、版权或其它问题请于作品发表后的30日内与新浪网联系。"
1640910085-179,https://search.sina.com.cn/?c=news&q=%E7%96%AB%E6%83%85&from=home&ie=utf-8,https://n.sinaimg.cn/sinakd20211230s/189/w495h494/20211230/89ef-825f7298d7a6b10e9d748729e111fcf4.jpg,,当地时间2021年12月26日，美国得克萨斯州奥斯汀，大批民众驾车排长队等待核酸检测。图片来源：视觉中国这已经是新冠病毒侵袭人类的第三个冬天了。全球累计确诊病例,,,,
1640910085-167,https://search.sina.com.cn/?c=news&q=%E7%96%AB%E6%83%85&from=home&ie=utf-8,https://n.sinaimg.cn/default/feedbackpics/transform/116/w550h366/20180517/xJiS-harvfhu4568940.png,,当地时间2021年12月26日，美国得克萨斯州奥斯汀，大批民众驾车排长队等待核酸检测。图片来源：视觉中国这已经是新冠病毒侵袭人类的第三个冬天了。全球累计确诊病例,,,,
1640910085-177,https://search.sina.com.cn/?c=news&q=%E7%96%AB%E6%83%85&from=home&ie=utf-8,https://n.sinaimg.cn/sinakd20211230s/202/w640h362/20211230/044a-e2fc9ad06bb168e4b5223cf5da4a0383.jpg,,当地时间2021年12月26日，美国得克萨斯州奥斯汀，大批民众驾车排长队等待核酸检测。图片来源：视觉中国这已经是新冠病毒侵袭人类的第三个冬天了。全球累计确诊病例,,,,
1640910085-166,https://search.sina.com.cn/?c=news&q=%E7%96%AB%E6%83%85&from=home&ie=utf-8,https://n.sinaimg.cn/sinakd20211230ac/618/w1546h672/20211230/1c7e-dd3b044971dc115a44996e950f5c79cc.jpg,,当地时间2021年12月26日，美国得克萨斯州奥斯汀，大批民众驾车排长队等待核酸检测。图片来源：视觉中国这已经是新冠病毒侵袭人类的第三个冬天了。全球累计确诊病例,,,,
1640910085-191,https://search.sina.com.cn/?c=news&q=%E7%96%AB%E6%83%85&from=home&ie=utf-8,,宜君法院：疫情防控，与法同行,当地时间2021年12月26日，美国得克萨斯州奥斯汀，大批民众驾车排长队等待核酸检测。图片来源：视觉中国这已经是新冠病毒侵袭人类的第三个冬天了。全球累计确诊病例,,,,
1640910085-190,https://search.sina.com.cn/?c=news&q=%E7%96%AB%E6%83%85&from=home&ie=utf-8,,西安本轮疫情累计报告本土确诊1117例！,当地时间2021年12月26日，美国得克萨斯州奥斯汀，大批民众驾车排长队等待核酸检测。图片来源：视觉中国这已经是新冠病毒侵袭人类的第三个冬天了。全球累计确诊病例,,,,
1640910139-199,https://search.sina.com.cn/?c=news&q=%E7%96%AB%E6%83%85&from=home&ie=utf-8,,,当地时间2021年12月26日，美国得克萨斯州奥斯汀，大批民众驾车排长队等待核酸检测。图片来源：视觉中国这已经是新冠病毒侵袭人类的第三个冬天了。全球累计确诊病例,关于进一步落实失业保险支持疫情防控有关政策的通知,https://k.sina.com.cn/article_3097688767_b8a2fabf019011k68.html,2021年12月30日 19:50,"各市（区）人力资源和社会保障局，厅属各相关单位：　　为贯彻落实省委、省政府关于做好疫情防控工作有关精神要求，坚决打赢疫情防控阻击战，充分发挥失业保险政策效应，维护就业局势总体稳定，现就有关事项通知如下：　　一　　加快落实失业保险稳岗返还政策　　稳岗返还政策是失业保险贯彻落实党中央增强预防失业促进就业功能，支持企业稳定就业岗位的重要举措。为助力企业渡过疫情防控难关，对在2021年12月31日前符合2021年度稳岗返还政策的参保单位，申请受理截止期限延长至2022年3月31日。各级人社部门要充分借助信息化手段，利用大数据筛查，畅通“免申即享”和申请渠道，加快审核速度，缩短资金拨付时间，确保已审核完成的稳岗返还资金春节前落实到位，为企业雪中送炭。　　二　　全面推行失业保险待遇快办即享　　为做好疫情防控和“双节”期间失业人员兜底保障工作，各级人社部门要主动适应疫情防控和“双节”期间群众生活急需等实际，本着“急事急办，特事特办”的原则，加快失业保险金、失业补助金、农民工一次性生活补助、临时生活补助全程网办，积极推行失业保险“快办即享”经办服务。因疫情影响，对在2021年12月31日前符合2021年失业补助金、临时生活补助政策的失业人员，申请受理时间延长至2022年3月31日。春节前失业保险待遇要做好快审快发，不受“当月审核、次月发放”限制，各级经办机构要全面落实失业保险“畅通领、安全办、网上办”要求，加强内部信息比对核实，提高审核效率，确保失业保险待遇发放到位，让失业人员度过一个愉快祥和的春节。　　三　　积极做好价格临时补贴发放准备工作　　各市（区）要更好地发挥失业保险保障标准与物价上涨挂钩的联动机制作用，继续落实我省六部门《关于进一步健全我省社会救助和保障标准与物价上涨挂钩联动机制的通知》要求，适时启动失业保险与物价上涨挂钩联动机制，及时向领取失业保险金人员发放价格临时补贴，确保困难群众基本生活水平不因物价上涨降低。　　四　　切实加强组织领导　　疫情当前，各级人社部门要按照省委省政府部署安排，提高政治站位，树牢底线思维，把疫情防控作为重大政治任务，立足部门职责，压实靠牢责任，健全工作机制，形成工作合力，抓好抓细抓到位。基金支撑能力较弱的统筹地区，要适时调整基金支出方向和结构，全力以赴做好“稳岗位、保生活、简流程、网上办”等各项工作，为助力企业应对疫情、稳定就业岗位提供强有力的支撑。　　各市（区）在执行过程中遇有重大问题和情况，及时上报省人力资源和社会保障厅。　　陕西省人力资源和社会保障厅　　2021年12月28日
								
				  
				
				

				特别声明：以上文章内容仅代表作者本人观点，不代表新浪网观点或立场。如有关于作品内容、版权或其它问题请于作品发表后的30日内与新浪网联系。"
1640910085-170,https://search.sina.com.cn/?c=news&q=%E7%96%AB%E6%83%85&from=home&ie=utf-8,https://n.sinaimg.cn/sinakd20107/108/w580h328/20211231/d830-3e2ff8a97bd0f8cbce08d741371dd26a.jpg,,当地时间2021年12月26日，美国得克萨斯州奥斯汀，大批民众驾车排长队等待核酸检测。图片来源：视觉中国这已经是新冠病毒侵袭人类的第三个冬天了。全球累计确诊病例,,,,
1640910155-200,https://search.sina.com.cn/?c=news&q=%E7%96%AB%E6%83%85&from=home&ie=utf-8,,,当地时间2021年12月26日，美国得克萨斯州奥斯汀，大批民众驾车排长队等待核酸检测。图片来源：视觉中国这已经是新冠病毒侵袭人类的第三个冬天了。全球累计确诊病例,疫情下“越南速度”失速，2021年经济增速或创30多年新低,https://news.sina.com.cn/w/2021-12-31/doc-ikyakumx7418226.shtml,2021年12月30日 19:51,"原标题：疫情下“越南速度”失速，2021年经济增速或创30多年新低
　　越南计划与投资部统计总局局长阮氏香29日表示，今年，由于新冠疫情对越南经济所有领域造成严重影响，国内生产总值（GDP）预计同比增长2.58%，这是越南自1985年有GDP统计数据以来的最低值。年初，越南将2021年经济增长目标设定为6.5%，而到了年终，目标被打了四折。
　　上海国际问题研究院亚太研究中心副研究员周士新向第一财经记者表示，年初是根据2020年的情况预测的，是一种惯性认识。但今年越南发生了疫情失控的情况，偶然性打破了必然性。
　　他说，虽然越南经济在2021年经历了挫折，但总体来看，大家对于越南经济的发展还是有信心的，当前越南经济也开始恢复。2022年，越南经济要有新的增长点和锚定因素，才能让国际社会特别是外资更有信心。

　　疫情阴影下的越南经济
　　因为优秀的防疫成果，在2020年越南GDP增长2.91%，当年世界各国GDP正增长的国家屈指可数，越南接近3%的增长率已经是“高速”。
　　2021年春季之前，越南一直保持着自己疫情防控 “模范生”的头衔，但此后败给了德尔塔毒株。自下半年以后，德尔塔毒株开始在越南蔓延，此后一发不可收拾。
　　越南染疫人数在7月份激增，此前成功的管控措施已无法控制住新一波疫情。疫情首先在工业园和经济重镇胡志明市暴发，工厂被迫停工，对越南国内和国际的产业链造成了冲击，很多订单从越南流失。
　　在8月，越南向胡志明市街头部署军队，严格防疫隔离，希望以此用最短的时间控制住疫情、恢复经济。但事与愿违，胡志明市的确诊人数依然不断攀高。
　　无法控制住的疫情给越南经济投下“阴影”。尽管越南出口总体没有下跌太多，但消费支出骤降，疫情控制的成本压力让越南喘不过气。在一连串的打击下，越南政府不得不思考“清零”政策是否还行得通。
　　随着疫苗接种率的提高和疫情的常态化，自9月以来，越南政府逐渐改变防疫政策。然而，10月以来，越南每日新增确诊人数节节高攀。近期每日新增病例为1.5万人，数量在亚洲国家中数一数二，仅次于土耳其。
　　2022年越南出口将保持高位增长？
　　多数经济分析人士认为，2022年越南出口将保持高位增长，这是越南经济增长的主要动力。越南工贸部进出口局副局长陈清海表示，过去，越南主要出口农产品和水产品，但现在，加工工业产品是维持出口高增幅的主要动力。
　　越南统计局29日公布2021年越南货物进出口总额创历史新高，达6685亿美元，同比增长22.6%；其中，出口额增长19%，进口额增长26.5%。
　　另据越南计划投资部外国投资局公布的数据，截至2021年12月20日，越南全年外商新批准、增资及并购投资总额近311.5亿美元，同比增长9.2%。
　　亚洲开发银行驻越南代表处首席代表杰弗里斯（Andrew Jeffries）表示，2022年亚洲出口将迅速复苏，越南应充分利用这一机会促进出口，改善产品质量，开拓新市场。
　　《区域全面经济伙伴关系协定》（RCEP）将于2022年1月1日生效，该协定被认为将进一步促进越南对区域国家的出口。
　　越南国会在11月通过决议，将2022年的GDP增长目标设在6%至6.5%之间。

								
				
        点击进入专题：
	全球多国爆发新冠肺炎疫情
  
				
				
责任编辑：张建利"
1640910085-186,https://search.sina.com.cn/?c=news&q=%E7%96%AB%E6%83%85&from=home&ie=utf-8,,医疗救治专家分析陕西本轮疫情特点！目前确诊病例病情平稳,当地时间2021年12月26日，美国得克萨斯州奥斯汀，大批民众驾车排长队等待核酸检测。图片来源：视觉中国这已经是新冠病毒侵袭人类的第三个冬天了。全球累计确诊病例,,,,
1640910085-174,https://search.sina.com.cn/?c=news&q=%E7%96%AB%E6%83%85&from=home&ie=utf-8,https://n.sinaimg.cn/sinakd20211230s/627/w859h568/20211230/8297-b7e26f26b37dad4c6418c0993fb127c1.png,,当地时间2021年12月26日，美国得克萨斯州奥斯汀，大批民众驾车排长队等待核酸检测。图片来源：视觉中国这已经是新冠病毒侵袭人类的第三个冬天了。全球累计确诊病例,,,,
1640910085-173,https://search.sina.com.cn/?c=news&q=%E7%96%AB%E6%83%85&from=home&ie=utf-8,https://n.sinaimg.cn/sinakd20120/262/w640h422/20211230/77d8-cba88db014426ebcd900bbf5e8e79de5.jpg,,当地时间2021年12月26日，美国得克萨斯州奥斯汀，大批民众驾车排长队等待核酸检测。图片来源：视觉中国这已经是新冠病毒侵袭人类的第三个冬天了。全球累计确诊病例,,,,
1640910085-185,https://search.sina.com.cn/?c=news&q=%E7%96%AB%E6%83%85&from=home&ie=utf-8,,因疫情防控需要，青岛取消跨年夜无人机飞行表演,当地时间2021年12月26日，美国得克萨斯州奥斯汀，大批民众驾车排长队等待核酸检测。图片来源：视觉中国这已经是新冠病毒侵袭人类的第三个冬天了。全球累计确诊病例,,,,
1640910158-201,https://search.sina.com.cn/?c=news&q=%E7%96%AB%E6%83%85&from=home&ie=utf-8,,,当地时间2021年12月26日，美国得克萨斯州奥斯汀，大批民众驾车排长队等待核酸检测。图片来源：视觉中国这已经是新冠病毒侵袭人类的第三个冬天了。全球累计确诊病例,——公安莲湖分局出入境管理科双警、医警家庭携手战疫情,https://k.sina.com.cn/article_7517400647_1c0126e47059027ohk.html,2021年12月30日 19:53,"在这场没有硝烟的疫情阻击战中，医护人员和公安民警发挥着举足轻重的作用。公安莲湖分局出入境管理科就有3个双警家庭、1个医警家庭，他们面对疫情逆行而上、并肩作战，始终战斗在疫情防控第一线。他们用爱经营着自己的“小家”，用责任和使命捍卫着我们的“大家”，用最执着的坚守，向我们展示特殊时期的别样情怀。　　科长亢小荣巾帼不让须眉，疫情防控期间义无反顾地冲锋在前，以身作则、跟进指挥，坚守疫情防控最前沿。她的爱人张立群是陕西省警校的一名教师，同时也是人民警察，他主动请缨，参加了陕西省公安厅抗击疫情党员先锋队。　　民警张珂作为内勤，在做好与上级部门对接联系的同时，积极参与一线防疫工作。她的爱人姚俊强是一名基层所队领导，从疫情爆发开始，他始终坚守在岗位上，以上率下、身先士卒带领大队民警全身心投入到疫情防控工作中。　　民警宋博作为科里的“老同志”，不畏寒冷与疲惫，在核酸检测点认真引导群众，积极维护现场秩序，提醒检测人员戴好口罩、保持安全距离。他的妻子司颖琦是西大街派出所民警，她夜以继日处理涉疫信息，分析核查各类人员，确保了排查工作万无一失。　　民警李磊积极参与核酸检测点执勤、核酸检测样本转运、防控点巡逻等各项工作。他的妻子闫佩琪是西安市第一医院的医护人员，疫情爆发后，她迅速投入到全员核酸检测的工作中。　　一场疫情，一次考验，也是“一路有你”的相扶相持。虽然聚少离多，但是他们在人生道路上同心同行，挥洒汗水，播种希望，用担当和坚守书写爱与奉献！
								
				  
				
				

				特别声明：以上文章内容仅代表作者本人观点，不代表新浪网观点或立场。如有关于作品内容、版权或其它问题请于作品发表后的30日内与新浪网联系。"
1640910085-184,https://search.sina.com.cn/?c=news&q=%E7%96%AB%E6%83%85&from=home&ie=utf-8,,河南一地发布通告，对疫情防控期间这些行为依法严厉打击,当地时间2021年12月26日，美国得克萨斯州奥斯汀，大批民众驾车排长队等待核酸检测。图片来源：视觉中国这已经是新冠病毒侵袭人类的第三个冬天了。全球累计确诊病例,,,,
1640910085-195,https://search.sina.com.cn/?c=news&q=%E7%96%AB%E6%83%85&from=home&ie=utf-8,,省卫健委发布：20种疫情防控违法违规行为及可能产生的法律后果明白纸,当地时间2021年12月26日，美国得克萨斯州奥斯汀，大批民众驾车排长队等待核酸检测。图片来源：视觉中国这已经是新冠病毒侵袭人类的第三个冬天了。全球累计确诊病例,,,,
1640910085-180,https://search.sina.com.cn/?c=news&q=%E7%96%AB%E6%83%85&from=home&ie=utf-8,https://n.sinaimg.cn/sinakd20211230s/200/w1080h720/20211230/91bb-1063e152aea03bfd9b11b67e92ca37b4.jpg,,当地时间2021年12月26日，美国得克萨斯州奥斯汀，大批民众驾车排长队等待核酸检测。图片来源：视觉中国这已经是新冠病毒侵袭人类的第三个冬天了。全球累计确诊病例,,,,
1640910085-169,https://search.sina.com.cn/?c=news&q=%E7%96%AB%E6%83%85&from=home&ie=utf-8,https://n.sinaimg.cn/sinakd20211231s/317/w900h1017/20211231/9067-c73794604cd8965693d9af923a1485a7.jpg,,当地时间2021年12月26日，美国得克萨斯州奥斯汀，大批民众驾车排长队等待核酸检测。图片来源：视觉中国这已经是新冠病毒侵袭人类的第三个冬天了。全球累计确诊病例,,,,
1640910085-181,https://search.sina.com.cn/?c=news&q=%E7%96%AB%E6%83%85&from=home&ie=utf-8,,2022全球疫情如何演变？评估变异频率很关键｜界面预言家⑰,当地时间2021年12月26日，美国得克萨斯州奥斯汀，大批民众驾车排长队等待核酸检测。图片来源：视觉中国这已经是新冠病毒侵袭人类的第三个冬天了。全球累计确诊病例,,,,
1640910358-210,https://search.sina.com.cn/?c=news&q=%E7%96%AB%E6%83%85&from=home&ie=utf-8,,,当地时间2021年12月26日，美国得克萨斯州奥斯汀，大批民众驾车排长队等待核酸检测。图片来源：视觉中国这已经是新冠病毒侵袭人类的第三个冬天了。全球累计确诊病例,稷山疫情传播链已被阻断,https://k.sina.com.cn/article_2169891005_8155e8bd02001beo5.html,2021年12月31日 07:42,"山西晚报讯（记者　胡增春　通讯员　王琳）12月30日，运城市人民政府新闻办公室召开新冠肺炎疫情防控工作新闻发布会，市政府副秘书长郑永忠进行情况通报。目前，已经成功阻断稷山疫情传播链，未发现新增确诊病例和无症状感染者。　　连日来，运城市统筹全市疫情防控力量，与稷山县一道，全力开展疫情防控工作，迅速扑灭疫情燃点。截至12月30日4时30分，已对稷山县封控区、管控区、防范区240806人完成了第三轮核酸检测，对密接、次密接和“时空伴随者”3571名重点人群完成7轮新冠病毒核酸检测，结果均为阴性。　　稷山县域内交通秩序已有序恢复；大型商超、农贸市场陆续开放，药店和宾馆酒店附条件开放；工厂企业在落实好四方责任，做好防护的前提下，有序复工复产；滞留稷山人员持48小时内核酸检测阴性报告，无异常症状，可离开稷山。社会面已经分批分类解封，社会秩序井然，生产生活恢复常态。
								
				  
				
				

				特别声明：以上文章内容仅代表作者本人观点，不代表新浪网观点或立场。如有关于作品内容、版权或其它问题请于作品发表后的30日内与新浪网联系。"
1640910085-171,https://search.sina.com.cn/?c=news&q=%E7%96%AB%E6%83%85&from=home&ie=utf-8,https://n.sinaimg.cn/sinakd20120/400/w1200h800/20211230/c293-009f2a8084c725c3f32c87ec3a692295.jpg,,当地时间2021年12月26日，美国得克萨斯州奥斯汀，大批民众驾车排长队等待核酸检测。图片来源：视觉中国这已经是新冠病毒侵袭人类的第三个冬天了。全球累计确诊病例,,,,
1640910085-187,https://search.sina.com.cn/?c=news&q=%E7%96%AB%E6%83%85&from=home&ie=utf-8,,西安经开区企业慰问疫情防控第一线,当地时间2021年12月26日，美国得克萨斯州奥斯汀，大批民众驾车排长队等待核酸检测。图片来源：视觉中国这已经是新冠病毒侵袭人类的第三个冬天了。全球累计确诊病例,,,,
1640910085-176,https://search.sina.com.cn/?c=news&q=%E7%96%AB%E6%83%85&from=home&ie=utf-8,https://n.sinaimg.cn/sinakd20119/664/w800h664/20211230/8e8b-b10b6b0c85f604f4ea9e5d80c3a6f30e.jpg,,当地时间2021年12月26日，美国得克萨斯州奥斯汀，大批民众驾车排长队等待核酸检测。图片来源：视觉中国这已经是新冠病毒侵袭人类的第三个冬天了。全球累计确诊病例,,,,
1640910200-203,https://search.sina.com.cn/?c=news&q=%E7%96%AB%E6%83%85&from=home&ie=utf-8,,,当地时间2021年12月26日，美国得克萨斯州奥斯汀，大批民众驾车排长队等待核酸检测。图片来源：视觉中国这已经是新冠病毒侵袭人类的第三个冬天了。全球累计确诊病例,西安本轮疫情累计报告本土确诊1117例！,https://k.sina.com.cn/article_2510959054_95aa31ce01900xvko.html,2021年12月30日 19:53,"2021年12月30日，西安市人民政府召开西安市新冠肺炎疫情防控工作新闻发布会（第41场），邀请市卫生健康委、市公安局、西咸新区等单位有关负责同志介绍相关情况 。　　一、新增病例情况　　2021年12月29日0时－24时，西安市新增本土确诊病例155例。12月9日0时－29日24时，全市累计报告本土确诊病例1117例。目前，所有病例均已转运到定点医院隔离治疗。新增病例相关情况及轨迹将通过“西安发布”等媒体公布。　　新增155例确诊病例中，均为轻型；从发现方式看，隔离管控中发现92例、核酸筛查中发现62例、主动就医确诊1例；从区域分布看，雁塔区71例、莲湖区22例、高新区20例、长安区15例、碑林区6例、阎良区6例、新城区5例、未央区4例、西咸新区3例、灞桥区2例、国际港务区1例；从年龄结构看，3岁以下6例、3－18岁28例、18－60岁105例、60岁以上16例；从性别分布看，男性83例、女性72例。　　根据流调，已排查出的密接和次密接均按照有关要求落实隔离管控。　　二、医疗救治工作情况　　截至12月29日24时，现有1113例确诊病例在市胸科医院和市第四医院航天院区隔离治疗。　　根据患者病情，专家组科学制定诊疗方案，密切监护生命指征，全力做好医疗救治工作，目前所有患者病情平稳。　　三、核酸检测情况　　2021年12月30日10时，西安市启动了新一轮核酸筛查工作，截至30日14时，累计采样906.36万人。　　在本轮核酸筛查中，全市共设置采样点5105个、采样台11728个，投入采样人员3.43万人、服务保障人员13.35万人。　　在此，呼吁广大市民朋友，请积极响应政府号召，配合各项防控措施，真正做到足不出户。外出核酸采样时做好个人防护，不聚集、不交谈，尽量不要触碰公共区域设施，采样结束后及时回家。如果有与确诊病例活动轨迹有交集，应第一时间向所在社区（村）、单位报备。　　只有通过我们大家的共同努力，主动配合做好封闭管理措施，积极参与每日核酸筛查，我们一定能够尽早遏制疫情蔓延，必定战胜此次疫情。　　“一区一警”或“一区多警 + 辅警”　　加强人车管控，确保不出户、不聚集　　当前，西安市疫情防控形势仍然严峻复杂，正处于极其重要的时期，为落实26日市疫情防控指挥部《通告》精神，西安市公安局从27日凌晨开始，全市公安民警、交警“进小区、上路面”，加强疫情防控期间社会面管控工作；　　截止目前：针对全市居民小区，公安机关按照“一区一警”或“一区多警 + 辅警”的模式，共部署民辅警警力2万余名，以及综治、社区（村）力量，实现对所有小区、城中村的全覆盖，加强人车管控，确保不出户、不聚集，做好各核酸采样点的秩序维护工作。交警部门出动警力2100余人，设置查控岗133处，对除从事疫情防控或民生保障工作的车辆外，严格进行查控，最大限度减少流动。　　居民生活物资如何保障？　　西咸新区探索“关门不关店”　　微信群市场直供新模式　　12月28日，西安市疫情防控视频调度会和市场保供视频调度会后，西咸新区连夜组织调配鲜菜和政府储备菜1289吨，选取88家具有大宗蔬菜采购配送能力的商超作为民生物资直供企业，为居民免费配送。先期按照每人每天1斤、满足3天生活3-5种蔬菜标准免费配发。从29日凌晨开始，组织500余名干部、社区工作人员和志愿者帮助保供企业进行分包、配送。截至29日24点，已免费配送蔬菜455吨。预计整个配送过程两天左右全部完成。　　西咸新区积极探索“关门不关店”微信群市场直供新模式，满足居民基本生活需要，解决群众“买药难”问题。　　一是畅通供应链，积极协调批发市场、生产基地和相关企业、药店，组织货源。　　二是对接需求链，每个小区每栋楼房建立微信群，群众线上下单、企业线上接单，按订单、楼号、房号进行分包。　　三是补足配送链，直供企业每天将分包好的民生物资直接配送至封控小区，由社区工作人员和志愿者送到每户家门口，变“出门买”为“上门送”，让群众足不出户拿到生活所需的米、面、油、肉、菜、蛋、奶等民生物资以及除“两退一止一抗”外的药品。　　目前，已在全区建立微信群1603个，已覆盖小区195个、自然村96个，覆盖全区居民小区、村组近一半，能够提供30余种蔬菜和若干种类药品。　　这两天，针对不少群众讨论蔬菜供应一事。目前，省市一直在加紧统筹和协调推进中，区县街镇社区的同志们，一边在昼夜不停加紧准备和组织核酸检测，一边也根据实际情况，广泛组织货源分送市民朋友。这其中供应的时间上会有所差异，内容上也会因区域实际各不相同。危难之时，有不少爱心企业和人士都在伸出援手，支持西安抗疫。也希望广大市民朋友能够多点谅解和包容，大家携起手来，咬紧牙关，团结一心，共克时艰，打赢这场疫情防控狙击战。　　下一步，西咸新区将努力推进保供体系覆盖面不断延伸和拓展。一是抓紧时间扩面，尽快将剩余的小区、村组和工地、学校、园区全部纳入线上下单、线下直供机制，努力做到全覆盖。二是对于没有智能手机、不会使用微信下单的群众，找到志愿者就能解决问题。三是加快形成民生保障门店线上、线下同步运行、灵活经营的保供新机制，把民生保障工作抓得更紧、更实、更细。　　小区封闭情况下　　群众常见病、慢性病一般就医需求如何满足？　　面对小区封闭管理的情况，西咸新区共成立医疗服务队10个，为群众提供巡诊或远程诊疗服务，保障群众常见病、慢性病等得到及时、有效救治。一是在西咸新区中心医院开通24小时健康咨询电话两部：029-33350000、029-33355333，为群众提供健康咨询；二是基层医疗机构与西咸新区中心医院建立密切联系，成立线上诊疗专家组，开通线上图文咨询和视频诊疗，解决群众一般疾病的诊治问题。目前共完成线上诊疗241例。三是扩大西咸新区中心医院儿童发热门诊区域，满足冬季儿童常见病处置需要。群众在家可关注“西咸新区教育卫体发布”公众号查询上述医院开诊情况。四是针对孕产妇、儿童及危急重症等特殊人群的就医问题，确定西咸新区中心医院作为疫情期间医疗定点医院，提供兜底医疗保障。
								
				  
				
				

				特别声明：以上文章内容仅代表作者本人观点，不代表新浪网观点或立场。如有关于作品内容、版权或其它问题请于作品发表后的30日内与新浪网联系。"
1640910085-182,https://search.sina.com.cn/?c=news&q=%E7%96%AB%E6%83%85&from=home&ie=utf-8,,疫情影响挥之不去，原本稳中向好的旅游演艺一哥能涅槃重生吗？,当地时间2021年12月26日，美国得克萨斯州奥斯汀，大批民众驾车排长队等待核酸检测。图片来源：视觉中国这已经是新冠病毒侵袭人类的第三个冬天了。全球累计确诊病例,,,,
1640910137-198,https://search.sina.com.cn/?c=news&q=%E7%96%AB%E6%83%85&from=home&ie=utf-8,,,当地时间2021年12月26日，美国得克萨斯州奥斯汀，大批民众驾车排长队等待核酸检测。图片来源：视觉中国这已经是新冠病毒侵袭人类的第三个冬天了。全球累计确诊病例,省卫健委发布：20种疫情防控违法违规行为及可能产生的法律后果明白纸,https://k.sina.com.cn/article_3097688767_b8a2fabf019011k67.html,2021年12月30日 19:50,"为帮助广大人民群众全面掌握疫情防控中可能出现的违法违规行为及可能产生的法律后果，推动疫情防控工作依法依规高效进行，陕西省卫生健康委组织专家编制了以下20种疫情防控违法违规行为及可能产生的法律后果明白纸。　　《传染病防治法》第12条规定：“在中华人民共和国领域内的一切单位和个人，必须接受疾病预防控制机构、医疗机构有关传染病的调查、检验、采集样本、隔离治疗等预防、控制措施，如实提供有关情况。”　　所以，每个公民都应当依法如实报告旅行史、居住史、体温检测、症状等情况，履行居家隔离、医学观察等法定义务，自觉参与到疫情防控工作中。如发生以下违法违规行为，将承担相应法律后果。　　1、纳入核酸检测范围的人群，无故不参加统一组织的核酸检测，会有什么后果？　　违反《传染病防治法》第12条规定的法定义务。这是拒不执行人民政府在紧急状态情况下依法发布的决定、命令的行为，属于妨害社会管理的行为，根据《治安管理处罚法》第五十条的规定，按照不同情节，可处以警告、罚款、拘留等治安管理处罚；违反传染病防治法的规定，拒绝执行卫生防疫机构依照传染病防治法提出的预防、控制措施的，引起新冠病毒传播或者有传播严重危险的，按《刑法》第三百三十条妨害传染病防治罪定罪处罚。　　2、出入小区、超市、菜场等有关场所，拒不配合健康信息核查，拒绝配合身份登记规定，会承担何种法律责任？　　这是拒不执行人民政府在紧急状态情况下依法发布的决定、命令的行为，属于妨害社会管理的行为，根据《治安管理处罚法》第五十条的规定，处警告或者二百元以下罚款；情节严重的，处五日以上十日以下拘留，可以并处五百元以下罚款。引起新型冠状病毒传播或者有传播严重危险的，按《刑法》第三百三十条妨害传染病防治罪定罪处罚。　　3、出门不戴口罩，会承担法律责任吗？　　居民乘坐公共交通工具、出入小区大门等公共场所，拒不配合管理人员的劝导配戴口罩；或者，中高风险地区的居民外出拒不配合管理人员的劝导不戴口罩，首先承担民事责任。按照《传染病防治法》第七十七条规定，单位和个人违反本法规定，导致传染病传播、流行，给他人人身、财产造成损害的，应当依法承担民事责任。　　其次承担行政责任。这是拒不执行人民政府在紧急状态情况下依法发布的决定、命令的行为，属于妨害社会管理的行为，根据《治安管理处罚法》第五十条的规定，处警告或者二百元以下罚款；情节严重的，处五日以上十日以下拘留，可以并处五百元以下罚款。　　最后，违反传染病防治法的规定，拒绝执行卫生防疫机构依照传染病防治法提出的预防、控制措施的，引起新冠病毒传播或者有传播严重危险的，按《刑法》第三百三十条妨害传染病防治罪定罪处罚。处三年以下有期徒刑或者拘役；后果特别严重的，处三年以上七年以下有期徒刑。　　4.封控、封闭小区的居民违反防疫规定，擅自外出、聚集，会承担何种法律责任？　　首先承担民事责任。按照《传染病防治法》第七十七条规定，单位和个人违反本法规定，导致传染病传播、流行，给他人人身、财产造成损害的，应当依法承担民事责任。　　其次承担行政责任。这是拒不执行人民政府在紧急状态情况下依法发布的决定、命令的行为，属于妨害社会管理的行为，按照《治安管理处罚法》第五十条的规定，处警告或者二百元以下罚款；情节严重的，处五日以上十日以下拘留，可以并处五百元以下罚款。　　最后，违反传染病防治法的规定，拒绝执行卫生防疫机构依照传染病防治法提出的预防、控制措施的，引起新冠病毒传播或者有传播严重危险的，按《刑法》第三百三十条妨害传染病防治罪定罪处罚。处三年以下有期徒刑或者拘役；后果特别严重的，处三年以上七年以下有期徒刑。确诊病人、病原携带者，隐瞒病情、瞒报行程信息，进入公共场所或者公共交通工具，故意造成新型冠状病毒传播的，可能构成以危险方法危害公共安全罪。　　5、健康码为黄码、红码的人员，不按照规定隔离医学观察或者居家健康检测，会有什么后果？　　承担行政责任。这是拒不执行人民政府在紧急状态情况下依法发布的决定、命令的行为，属于妨害社会管理的行为，根据《治安管理处罚法》第五十条的规定，处警告或者二百元以下罚款；情节严重的，处五日以上十日以下拘留，可以并处五百元以下罚款。　　承担刑事责任。违反传染病防治法的规定，拒绝执行卫生防疫机构依照传染病防治法提出的预防、控制措施的，引起新冠病毒传播或者有传播严重危险的，按《刑法》第三百三十条妨害传染病防治罪定罪处罚。处三年以下有期徒刑或者拘役；后果特别严重的，处三年以上七年以下有期徒刑。　　6、疫情防控期间，居民违反规定外出参加打牌、餐饮、娱乐等聚集活动，应当承担何种责任？　　首先承担民事责任。按照《传染病防治法》第七十七条规定，单位和个人违反本法规定，导致传染病传播、流行，给他人人身、财产造成损害的，应当依法承担民事责任。　　其次承担行政责任。这是拒不执行人民政府在紧急状态情况下依法发布的决定、命令的行为，属于妨害社会管理的行为，按照《治安管理处罚法》第五十条的规定，处警告或者二百元以下罚款；情节严重的，处五日以上十日以下拘留，可以并处五百元以下罚款。　　最后，违反传染病防治法的规定，拒绝执行卫生防疫机构依照传染病防治法提出的预防、控制措施的，引起新冠病毒传播或者有传播严重危险的，按《刑法》第三百三十条妨害传染病防治罪定罪处罚。处三年以下有期徒刑或者拘役；后果特别严重的，处三年以上七年以下有期徒刑。　　7、集中隔离结束后，不按照规定接受健康监测和管理的，会承担何种法律责任？　　首先承担民事责任。按照《传染病防治法》第七十七条规定，单位和个人违反本法规定，导致传染病传播、流行，给他人人身、财产造成损害的，应当依法承担民事责任。　　其次承担行政责任。这是拒不执行人民政府在紧急状态情况下依法发布的决定、命令的行为，属于妨害社会管理的行为，按照《治安管理处罚法》第五十条的规定，处警告或者二百元以下罚款；情节严重的，处五日以上十日以下拘留，可以并处五百元以下罚款。　　最后，违反传染病防治法的规定，拒绝执行卫生防疫机构依照传染病防治法提出的预防、控制措施的，引起新冠病毒传播或者有传播严重危险的，按《刑法》第三百三十条妨害传染病防治罪定罪处罚。处三年以下有期徒刑或者拘役；后果特别严重的，处三年以上七年以下有期徒刑。　　8、隐瞒病情、瞒报行程信息（尤其是重点地区旅居史）、隐瞒与确诊病例或者疑似病例有密切接触史，会有什么后果？　　首先承担民事责任。按照《传染病防治法》第七十七条规定，单位和个人违反本法规定，导致传染病传播、流行，给他人人身、财产造成损害的，应当依法承担民事责任。　　其次承担行政责任。这是拒不执行人民政府在紧急状态情况下依法发布的决定、命令的行为，属于妨害社会管理的行为，按照《治安管理处罚法》第五十条的规定，处警告或者二百元以下罚款；情节严重的，处五日以上十日以下拘留，可以并处五百元以下罚款。　　最后，违反传染病防治法的规定，拒绝执行卫生防疫机构依照传染病防治法提出的预防、控制措施的，引起新冠病毒传播或者有传播严重危险的，按《刑法》第三百三十条妨害传染病防治罪定罪处罚。处三年以下有期徒刑或者拘役；后果特别严重的，处三年以上七年以下有期徒刑。确诊病人、病原携带者隐瞒病情、瞒报行程信息，进入公共场所或者公共交通工具，故意造成新型冠状病毒传播的，可能构成以危险方法危害公共安全罪。　　9、居民和企业不配合开展疫情防控相关的消毒工作，应当承担什么责任？　　首先承担民事责任。按照《传染病防治法》第七十七条规定，单位和个人违反本法规定，导致传染病传播、流行，给他人人身、财产造成损害的，应当依法承担民事责任。　　其次承担行政责任。这是拒不执行人民政府在紧急状态情况下依法发布的决定、命令的行为，属于妨害社会管理的行为，按照《治安管理处罚法》第五十条的规定，处警告或者二百元以下罚款；情节严重的，处五日以上十日以下拘留，可以并处五百元以下罚款。　　最后，违反传染病防治法的规定，拒绝执行卫生防疫机构依照传染病防治法提出的预防、控制措施的，引起新冠病毒传播或者有传播严重危险的，按《刑法》第三百三十条妨害传染病防治罪定罪处罚。处三年以下有期徒刑或者拘役；后果特别严重的，处三年以上七年以下有期徒刑。单位犯该罪的，对单位判处罚金，并对其直接负责的主管人员和其他直接责任人员，依照前款的规定处罚。 　　以暴力、威胁方法阻碍国家机关工作人员（包括在国家机关中从事疫情防控公务的人员）依法开展疫情调查工作的，按《刑法》第二百七十七条妨害公务罪定罪处罚。　　10、具有发热、干咳、乏力、嗅觉味觉减退、鼻塞、流涕、咽痛、结膜炎、肌痛和腹泻等症状的人员，未按照疫情防控要求，到发热门诊就医，会有什么后果？　　首先承担民事责任。按照《传染病防治法》第七十七条规定，单位和个人违反本法规定，导致传染病传播、流行，给他人人身、财产造成损害的，应当依法承担民事责任。　　其次承担行政责任。这是拒不执行人民政府在紧急状态情况下依法发布的决定、命令的行为，属于妨害社会管理的行为，按照《治安管理处罚法》第五十条的规定，处警告或者二百元以下罚款；情节严重的，处五日以上十日以下拘留，可以并处五百元以下罚款。　　最后，违反传染病防治法的规定，拒绝执行卫生防疫机构依照传染病防治法提出的预防、控制措施的，引起新冠病毒传播或者有传播严重危险的，按《刑法》第三百三十条妨害传染病防治罪定罪处罚。处三年以下有期徒刑或者拘役；后果特别严重的，处三年以上七年以下有期徒刑。确诊病人、病原携带者隐瞒病情、瞒报行程信息，进入公共场所或者公共交通工具，故意造成新型冠状病毒传播的，可能构成以危险方法危害公共安全罪。　　11、拒绝配合疾控和公安部门开展的疫情流行病学调查工作，应当承担什么责任？　　首先承担民事责任。按照《传染病防治法》第七十七条规定，单位和个人违反本法规定，导致传染病传播、流行，给他人人身、财产造成损害的，应当依法承担民事责任。　　其次承担行政责任。这是拒不执行人民政府在紧急状态情况下依法发布的决定、命令的行为，属于妨害社会管理的行为，按照《治安管理处罚法》第五十条的规定，处警告或者二百元以下罚款；情节严重的，处五日以上十日以下拘留，可以并处五百元以下罚款。　　最后，违反传染病防治法的规定，拒绝执行卫生防疫机构依照传染病防治法提出的预防、控制措施的，引起新冠病毒传播或者有传播严重危险的，按《刑法》第三百三十条妨害传染病防治罪定罪处罚。处三年以下有期徒刑或者拘役；后果特别严重的，处三年以上七年以下有期徒刑。　　以暴力、威胁方法阻碍国家机关工作人员（包括在国家机关中从事疫情防控公务的人员）依法开展疫情调查工作的，按《刑法》第二百七十七条妨害公务罪定罪处罚。　　12、疫情期间，恶意囤积、哄抬物价、牟取暴利，会承担何种法律责任？　　交由市场监督管理部门予以行政处罚。　　13、违反疫情防控规定，乱扔口罩、防护服等医疗防护用品等，要承担法律责任吗？　　若乱扔的口罩、防护服等医疗防护用品是包含传染病病原体的废物、有毒物质或者其他有害物质，严重污染环境的，按《刑法》第三百三十八条污染环境罪定罪处罚。 　　故意传播新冠肺炎病原体，危害公共安全的，按照《刑法》第一百一十四条、一百一十五条以危险方法危害公共安全罪定罪处罚。　　14.经过疫情防控卡点的车辆和人员，以冲卡或者其他方法，拒不配合、接受卡点工作人员检查的，要承担法律责任吗？　　涉嫌违反《治安管理处罚法》，根据《治安管理处罚法》第五十条的规定，处警告或者二百元以下罚款；情节严重的，处五日以上十日以下拘留，可以并处五百元以下罚款。　　15.疫情防控期间，在家庭住所开设辅导班、棋牌档、麻将室，违规售卖感冒发热药品等，会承担何种法律责任？　　首先承担民事责任。按照《传染病防治法》第七十七条规定，单位和个人违反本法规定，导致传染病传播、流行，给他人人身、财产造成损害的，应当依法承担民事责任。　　其次承担行政责任。这是拒不执行人民政府在紧急状态情况下依法发布的决定、命令的行为，属于妨害社会管理的行为，按照《治安管理处罚法》第五十条的规定，处警告或者二百元以下罚款；情节严重的，处五日以上十日以下拘留，可以并处五百元以下罚款。　　最后，违反传染病防治法的规定，拒绝执行卫生防疫机构依照传染病防治法提出的预防、控制措施的，引起新冠病毒传播或者有传播严重危险的，按《刑法》第三百三十条妨害传染病防治罪定罪处罚。处三年以下有期徒刑或者拘役；后果特别严重的，处三年以上七年以下有期徒刑。　　16.在预防、控制新型冠状病毒感染肺炎疫情期间，从事传染病防治的政府卫生行政部门的工作人员严重不负责任、导致新型冠状病毒肺炎传播或者流行的，会承担何种法律责任？　　根据《传染病防治法》，对负有责任的主管人员和其他直接责任人员，依法给予行政处分。情节严重，构成犯罪的，依法追究传染病防治失职罪等刑事责任。　　17.生产不符合保障人体健康的国家标准、行业标准的医用口罩、护目镜、防护服等医用器材的，将承担什么法律责任吗？　　由市场监督管理部门予以行政处罚。情节严重的可能涉嫌违反《刑法》第一百四十五条的规定，将以生产、销售不符合标准的医用器材罪定罪，依法从重处罚。　　18.疫情防控期间，编造虚假疫情信息，在网络等公众场合散布的，或者明知是虚假信息还帮助散布和传播的，将承担什么法律责任？　　根据《突发事件应对法》第六十五条规定，将处以责令改正，给予警告；造成严重后果的，将依法暂停业务活动或者吊销执业许可证。根据《治安管理处罚法》第二十五条规定，将处以五日以上十日以下拘留，可以并处五百元以下罚款；情节较轻的，处五日以下拘留或者五百元以下罚款。严重扰乱社会秩序的，按《刑法》第二百九十一条构成编造、故意传播虚假信息罪定罪处罚。　　19.伪造核酸检测阴性证明，逃避正常检查 ，将承担什么法律责任？　　造假者如果身体健康而只是持伪造核酸检测报告证明的，可能面临治安管理处罚或其它行政处罚；但如果存在多次要求他人伪造核酸检测证明，违反疫情防控政策，逃避正常检查的行为，以及如果最终检测证明其是确诊患者、病原携带者，引起疫情传播或者有传播严重危险，危害公共安全，可能会按以危险方法危害公共安全罪定罪处罚。　　20.在疫情期间，行政机关对违反突发事件应对措施的行为的处罚采取什么原则？　　《行政处罚法》第四十九条规定，发生重大传染病疫情等突发事件，为了控制、减轻和消除突发事件引起的社会危害，行政机关对违反突发事件应对措施的行为，依法快速、从重处罚。
								
				  
				
				

				特别声明：以上文章内容仅代表作者本人观点，不代表新浪网观点或立场。如有关于作品内容、版权或其它问题请于作品发表后的30日内与新浪网联系。"
1640910111-197,https://search.sina.com.cn/?c=news&q=%E7%96%AB%E6%83%85&from=home&ie=utf-8,,,当地时间2021年12月26日，美国得克萨斯州奥斯汀，大批民众驾车排长队等待核酸检测。图片来源：视觉中国这已经是新冠病毒侵袭人类的第三个冬天了。全球累计确诊病例,本轮疫情西安累计确诊本土病例1117例 西安市公安局通报多起涉疫违法犯罪案件,https://k.sina.com.cn/article_3097688767_b8a2fabf019011k69.html,2021年12月30日 19:50,"12月30日下午，西安市政府新闻办召开西安市新冠肺炎疫情防控工作新闻发布会（第41场），通报西安市疫情防控工作情况。　　新增病例情况　　2021年12月29日0时－24时，西安市新增本土确诊病例155例。12月9日0时－29日24时，全市累计报告本土确诊病例1117例。目前，所有病例均已转运到定点医院隔离治疗。　　新增155例确诊病例中，均为轻型；从发现方式看，隔离管控中发现92例、核酸筛查中发现62例、主动就医确诊1例；从区域分布看，雁塔区71例、莲湖区22例、高新区20例、长安区15例、碑林区6例、阎良区6例、新城区5例、未央区4例、西咸新区3例、灞桥区2例、国际港务区1例；从年龄结构看，3岁以下6例、3－18岁28例、18－60岁105例、60岁以上16例；从性别分布看，男性83例、女性72例。　　根据流调，已排查出的密接和次密接均按照有关要求落实隔离管控。　　医疗救治工作情况　　截至12月29日24时，现有1113例确诊病例在市胸科医院和市第四医院航天院区隔离治疗。　　根据患者病情，专家组科学制定诊疗方案，密切监护生命指征，全力做好医疗救治工作，目前所有患者病情平稳。　　核酸检测情况　　2021年12月30日10时，西安市启动了新一轮核酸筛查工作，截至30日14时，累计采样906.36万人。在本轮核酸筛查中，全市共设置采样点5105个、采样台11728个，投入采样人员3.43万人、服务保障人员13.35万人。　　西安市公安局通报多起涉疫违法犯罪案件　　12月9日以来，全市公安机关共查处涉疫刑事行政案件58起，涉案违法犯罪嫌疑人67人。其中，办理妨害传染病防治案等刑事案件共3起；办理行政案件共55起，其中拒不执行疫情防控决定和命令的案件33起、虚构事实扰乱公共秩序案12起、寻衅滋事案4起、扰乱公共场所秩序案2起、故意毁财案1起、殴打他人案1起、招摇撞骗案1起、阻碍执行职务案1起。这些案件的依法查处，有力打击了违反“不出户、不聚集”等疫情防控规定、扰乱核酸检测秩序、在网上编造传播涉疫虚假信息、寻衅滋事等违法犯罪行为。前期已分四次向社会通报了18起涉疫违法犯罪典型案例，公安机关将继续加大对此类行为的查处力度，坚决依法打击。　　近日，公安机关在工作中查获了个别擅自出行，甚至伪造贩卖疫情防控工作证件、扰乱疫情防控工作秩序的案件，现通报如下：　　1、李某、张某涉嫌妨害传染病防治案　　12月28日，公安新城分局胡家庙派出所民警在工作中发现，张某（女，39岁）在微信群内售卖 “曲江新区疫情防控指挥部”工作证件存在违法犯罪嫌疑，民警立即采取措施将其抓获并寻线抓获其上家李某（男，27岁）。经查，李某利用工作之便，获取了“曲江新区疫情防控指挥部工作证”照片。此次疫情管控升级后，李某为图自己出行方便并牟取非法利益，利用电脑软件伪造了多张“曲江新区疫情防控指挥部工作证”工作证。李某除自己使用1张外，其余23张通过张某以20元至50元不等的价格向他人贩卖牟利。　　李某、张某伪造、贩卖疫情防控工作证明，严重危害疫情防控工作秩序，有引起新冠肺炎疫情传播的严重危险，其行为违反了《中华人民共和国刑法》第三百三十条之规定，涉嫌妨害传染病防治罪，公安新城分局依据《中华人民共和国刑事诉讼法》第一百零九条之规定，对李某、张某立案侦查并采取刑事强制措施；对购买、使用伪造的疫情防控工作证的其余违法嫌疑人，公安机关将一追到底，依据《中华人民共和国治安管理处罚法》予以治安处罚。　　2、贾某拒不执行紧急状态下的决定案　　12月27日晚，交警支队高新大队民警在高新区高新路与南二环十字查获一辆违规出行车辆。经查，贾某（男，24岁）违反“不出户、不聚集”以及“非疫情防控及民生保障车辆不得上路”等疫情防控要求，在既无48小时核酸检测阴性证明又无相关部门批准的情况下，私自驾车外出，从长安区行驶至高新区被查获。公安高新分局依据《中华人民共和国治安管理处罚法》第五十条之规定，给予贾某行政拘留十日的处罚。　　3、张某拒不执行紧急状态下的决定案　　12月28日，张某（男，36岁）拒不听从疫情防控工作人员劝阻，逃避防疫检查，从杨凌示范区渭河大桥东河堤步行进入渭河河道，欲涉水渡过渭河，途中被困，后经有关部门组织救援脱困。张某的行为干扰疫情防控工作秩序，也给自身人身安全带来风险，依据《中华人民共和国治安管理处罚法》第五十条之规定，我局决定对张某处以警告。　　4、张某虚构事实扰乱公共秩序案　　12月25日，张某虚构“某村封控不让出村，村霸纠集混混持刀砍医护人员，被民警开枪击毙”等不实信息，在网络上发布，扰乱网络传播秩序和社会秩序。公安碑林分局依据《中华人民共和国治安管理处罚法》第二十五条之规定，给予张某行政拘留七日的处罚。　　公安机关提醒广大市民群众：维护疫情防控工作秩序人人有责，希望大家严格按照《关于加强疫情防控期间社会面管控的通告》要求，主动履行防疫责任和社会义务，积极配合开展防疫工作。公安机关积极保障群众就医等紧急必要的出行活动，坚持以人为本，切实帮助群众解决实际困难。　　除从事疫情防控或民生保障工作的车辆外 最大限度减少流动　　为落实26日市疫情防控指挥部《通告》精神，西安市公安局连夜部署，从27日凌晨开始，全市公安民警、交警“进小区、上路面”，加强疫情防控期间社会面管控工作；27日下午，以西安市公安局名义发布《关于加强疫情防控期间社会面管控的通告》，号召全体市民严格遵守相关法律规定，积极配合，确保疫情防控工作扎实有序开展；28日中午，再次在全市公安机关部署强调，要保持管控力度、确保小区内部和谐稳定。　　截至目前，针对全市居民小区，公安机关按照“一区一警”或“一区多警 + 辅警”的模式，共部署民辅警警力2万余名，以及综治、社区（村）力量，实现对所有小区、城中村的全覆盖，加强人车管控，确保不出户、不聚集，做好各核酸采样点的秩序维护工作。交警部门出动警力2100余人，设置查控岗133处，对除从事疫情防控或民生保障工作的车辆外，严格进行查控，最大限度减少流动。　　同时，呼吁广大市民群众严格遵守防疫法规、认真执行管控措施，这是全体市民的义务和责任。让我们全民一心，打赢这场疫情防控攻坚战。
								
				  
				
				

				特别声明：以上文章内容仅代表作者本人观点，不代表新浪网观点或立场。如有关于作品内容、版权或其它问题请于作品发表后的30日内与新浪网联系。"
1640910085-196,https://search.sina.com.cn/?c=news&q=%E7%96%AB%E6%83%85&from=home&ie=utf-8,,本轮疫情西安累计确诊本土病例1117例 西安市公安局通报多起涉疫违法犯罪案件,当地时间2021年12月26日，美国得克萨斯州奥斯汀，大批民众驾车排长队等待核酸检测。图片来源：视觉中国这已经是新冠病毒侵袭人类的第三个冬天了。全球累计确诊病例,,,,
1640910270-206,https://search.sina.com.cn/?c=news&q=%E7%96%AB%E6%83%85&from=home&ie=utf-8,,,当地时间2021年12月26日，美国得克萨斯州奥斯汀，大批民众驾车排长队等待核酸检测。图片来源：视觉中国这已经是新冠病毒侵袭人类的第三个冬天了。全球累计确诊病例,西安经开区企业慰问疫情防控第一线,https://k.sina.com.cn/article_7517400647_1c0126e47059027onc.html,2021年12月30日 19:56,"雪后初晴的古城西安一片寂静，随着西安城区疫情防控的不断提级管控，疫情防控一线的抗疫工作者们非常辛苦，夜以继日奋战在街边路口，护佑着辖区和一座城的生命安全。　　12月27日，室外温度已到冰点以下，中粮可口可乐饮料（陕西）有限公司（以下简称为：中粮可口可乐陕西）抽调骨干组织慰问队伍，为奋战在西安市经开区疫情防控一线工作者们送上暖心套餐。　　热热的姜汁可乐献给这座城最可爱的人，让缕缕飘香的暖意驱散疲惫。　　突如其来的疫情，人员交通、物流来往被严格限制和管理，市场供应和生活的保障成为公共关注的迫切问题。为进一步做好疫情防控期间市场供应、生活必需品保障工作，中粮可口可乐陕西作为西安市首批市场保供重点企业，公司立即启动市场保供应急措施，全力参与到西安保障市场供应平稳的大局中，并积极响应西安市政府的疫情防控指挥和部署。　　中粮可口可乐陕西严格落实疫情防控措施，积极克服困难，全力保障生产秩序。　　在确保员工防疫措施安全到位的情况下，通过居家办公、轮值上岗、驻厂生产等工作方式保证生产及供应。公司管理团队及部分生产、物流员工驻厂保供。严格要求全体员工参加西安市各轮全员核酸检测，确保安全生产和疫情防控双管齐下。　　12月27日，中粮可口可乐陕西结合地区当前疫情防控工作实际，联系所在辖区的西安经开区疫情防控指挥部，紧急调运500箱纯悦瓶装水、100箱可口可乐产品，慰问经开区146个核酸检测驻扎点，为全体医护、检测、筛查、志愿者们提供强有力的后援保障。　　一箱箱物资传递着中粮可口可乐陕西的关爱与温暖，每一份套餐外包装上都有中粮可口可乐陕西员工们真挚留言，虽只言片语，但陌生的问候和感谢就这样特殊传递。相信只要所有人众志成城、凝心聚力，一定可以尽快打赢这场抗“疫”阻击战。 （中国日报陕西记者站）　　【责任编辑：王晗】
								
				  
				
				

				特别声明：以上文章内容仅代表作者本人观点，不代表新浪网观点或立场。如有关于作品内容、版权或其它问题请于作品发表后的30日内与新浪网联系。"
1640910085-193,https://search.sina.com.cn/?c=news&q=%E7%96%AB%E6%83%85&from=home&ie=utf-8,,疫情下“越南速度”失速，2021年经济增速或创30多年新低,当地时间2021年12月26日，美国得克萨斯州奥斯汀，大批民众驾车排长队等待核酸检测。图片来源：视觉中国这已经是新冠病毒侵袭人类的第三个冬天了。全球累计确诊病例,,,,
1640910085-189,https://search.sina.com.cn/?c=news&q=%E7%96%AB%E6%83%85&from=home&ie=utf-8,,待补镇再度巩固疫情防线,当地时间2021年12月26日，美国得克萨斯州奥斯汀，大批民众驾车排长队等待核酸检测。图片来源：视觉中国这已经是新冠病毒侵袭人类的第三个冬天了。全球累计确诊病例,,,,
1640910085-168,https://search.sina.com.cn/?c=news&q=%E7%96%AB%E6%83%85&from=home&ie=utf-8,https://n.sinaimg.cn/sinakd20107/200/w600h400/20210723/e0ed-e2ed9a6d8f6516dab41fee5e8f83dd0c.jpg,,当地时间2021年12月26日，美国得克萨斯州奥斯汀，大批民众驾车排长队等待核酸检测。图片来源：视觉中国这已经是新冠病毒侵袭人类的第三个冬天了。全球累计确诊病例,,,,
1640910085-188,https://search.sina.com.cn/?c=news&q=%E7%96%AB%E6%83%85&from=home&ie=utf-8,,西安经开区召开疫情防控专题会议,当地时间2021年12月26日，美国得克萨斯州奥斯汀，大批民众驾车排长队等待核酸检测。图片来源：视觉中国这已经是新冠病毒侵袭人类的第三个冬天了。全球累计确诊病例,,,,
1640910362-211,https://search.sina.com.cn/?c=news&q=%E7%96%AB%E6%83%85&from=home&ie=utf-8,,,当地时间2021年12月26日，美国得克萨斯州奥斯汀，大批民众驾车排长队等待核酸检测。图片来源：视觉中国这已经是新冠病毒侵袭人类的第三个冬天了。全球累计确诊病例,疫情影响挥之不去，原本稳中向好的旅游演艺一哥能涅槃重生吗？,https://cj.sina.com.cn/articles/view/7024181680/1a2ac81b0001018vra,2021年12月31日 07:45,作为中国演艺行业首家进行IPO的企业，时至今日，宋城演艺依旧是全国最大的演艺文旅公司。受到疫情的影响，最近两年的宋城演艺，在发展速度上有了一定程度的放缓。但是，无论是在资本市场上表现，还是经营业绩表现，宋城演艺似乎都顶住了疫情带来的巨大压力。疫情泰山压顶之下，宋城演艺如何摆脱疫情影响？后续的经营发展中，又有什么样的挑战在等待着宋城演艺？01 宋城来自杭州于1996年成立于杭州的宋城演艺，身上有太多优秀的名号。其不仅是全球主题公园集团的十强企业，还连续十一届获得“全国文化企业三十强”。图源:宋城演艺官网目前，宋城演艺拥有各类型剧院共74个，座位数达到17.5万个，超过全球两大戏剧中心——伦敦西区和纽约百老汇全部座位数的总和。同时，宋城演艺还创造了世界演艺市场的五个第一，分别为：剧院数第一、座位数第一、年演出场次第一、年观众人次第一、年演出利润第一。目前的宋城演艺，以文化演艺、旅游景区、主题酒店等经营方向为主业，已确立了“宋城”、“千古情”等家喻户晓的品牌，市值约为365亿元。与大多数旅游及演艺公司不同，宋城演艺的商业模式独树一帜。其并不依靠主题公园内的游乐设施来吸引游客，而是融合所在地的历史和文化底蕴，来进行公园和舞台的设计，以“主题公园+旅游演艺”的经营模式，开启了品牌异地复制。而且宋城演艺的演出在设计完成后，并不是一成不变的，而是一月一小改、一年一大改，做到时演时新。观众在不同的时间段、不同的地点，可以看见不同风格、内容的演出。在产品竞争力上，宋城演艺具有较高的壁垒。当然自身的实力是一方面，整个社会消费习惯的变化也功不可没。近些年，随着社会经济水平的不断提高，国内旅游演艺行业取得了很大发展。所谓旅游演艺，就是在景区及相关空间，以室内场景、室外自然或模拟的山水景观为演出场所，为游客提供文艺表演。图源:宋城演艺官网而旅游演艺行业的发展，也带使得演艺的剧目数量不断增加，演艺的票房收入持续增长。根据道略文旅统计：2014年至2019年，国内旅游演艺票房，已经由27亿元快速增长至68亿元，年复合增长率为20.3%，旅游演艺的市场前景广阔。良好的市场前景，带来了宋城演艺良好的经营状况。在疫情爆发之前，宋城演艺保持了很长一段时间的业绩持续增长。根据财报显示：2017年至2019年，宋城演艺全年营业收入分别为30.2亿、32.1亿、26.1亿；净利润分别为10.7亿、12.9亿、13.4亿。如果没有外部冲击影响，宋城演艺的盈利能力稳中有升的。一方面，公司逐渐剥离该低毛利率业务，转型毛利率50%-60%区间的互联网演艺业务；另一方面，公司发力轻资产运行，只运营服务。但是问题就出在这个“如果”上。02 疫情的影响2020年突如其来的新冠疫情，对整个旅游相关行业都造成了巨大冲击。2020年，宋城演艺的各大景区在1月24日至6月11日，均处于闭园状态。在疫情的影响下，宋城演艺2020年的营收和净利润，均出现了大幅下降。根据财报显示：2020年，宋城演艺全年营业收入9亿，比去年下降65.44%；净利润为负的17.5亿，比2019年下降230.8%，经营情况真的是从一步从天上摔下来了。直到今年，随着国内旅游市场的逐渐复苏，以及旅游行业中国外游转国内游形成的巨大空间，宋城演艺的客流量才出现了修复。根据宋城演艺官网显示：今年五一期间，全国11大宋城主题公园合计营收约1.5亿元，较2019年同期增长了42.7%；总接待游客165万人次，较2019年同期增长了35.4%。十一期间，宋城演艺各主题公园举办大型演出共229场，接待游客超150万人，营业收入约1亿元，达到2019年同期的75%左右。受益于市场行情的恢复，2021年前三季度，宋城演艺实现营业收入10.2亿，较去年同期增长64.2%，不过还是较2019年同期下降44.3%；实现净利润4.33亿，较去年同期增长223.38%，较2019年同期下降57.1%。而在2021年第三季度，宋城演艺实现营业收入2.81亿，较去年同期下降16.24%，较2019年同期下降64.4%；实现净利润0.54亿，较去年同期下降42.29%，较2019年同期下降88.8%。图源：「财报罗盘」上市公司财报智能分析系统从阵痛中迅速恢复的宋城演艺，取得了不错的经营成绩。但是，其大部分经营数据，据2019年仍然具有较大差距。同时，从中短期来看，疫情对于宋城演艺来说，仍然是悬在头顶的一柄达摩克利斯之剑。宋城演艺靠着精彩表演可以反复吃回头客，但是这也意味着宋城演艺必须一直维持庞大的表演团队和相关场地运营，因为不可能有疫情了就把人都裁掉，等到疫情消失了再把人请回来，这就造成宋城演艺经营上有巨大的刚性支出。在资产负债表上也能看到宋城演艺的固定资产和在建工程分别为26.34亿和5.11亿元，如果只考虑有形资产的话，两者相加占到了全部资产的40%。而疫情防控的常态化，必然使得宋城演艺的经营始终面临较大的压力，不管是单个城市爆发疫情导致闭园，还是预防性的防疫政策进行限流，都为宋城演艺增加了巨大的不确定性。03 节衣缩食在疫情的持续打击下，宋城演艺还能取得不错的经营业绩，一方面是因为其自身的演艺产品具有一定的市场竞争力，另一方面也是因为其在财务管理等方面取得了一定成效。在销售方面，宋城演义的销售费用相较于疫情前迅速减少，2019年到2021年前三季度，宋城演艺的销售费用分别为1.46亿、6365万和4874万元。今年前三季度，宋城演艺销售费用率仅为4.80%，比去年同期又降低了2.17个百分点。这也体现了宋城演艺本身的品牌价值和用户粘性，在缺少销售费用驱动的情况下，依然能保持不错的营收。图源：「财报罗盘」上市公司财报智能分析系统在管理费用方面，2021年前三季度，宋城演艺发生管理费用1.63亿元，较去年同期减少了0.87亿元。其2021年前三季度管理费用率为16.03%，相较于营业收入，管理费用上的支出明显减少。图源：「财报罗盘」上市公司财报智能分析系统可以看出，为了抵御未来较高的不确定性，宋城演艺在销售和管理费用方面，都有了一定程度的缩减。但与此同时，宋城演艺的融资成本也正在增加。在资产投资方面，目前宋城演艺采取的战略规划是：在有优质旅游资源的主要城市，采取重资产运营；而在其他具有一定旅游资源且有意向合作的城市，采用轻资产运营。未来市场的不确定性，让现阶段的宋城演艺不得不学会节衣缩食，尽可能地降低经营成本，精打细算地过日子，来面对局势扑朔迷离的“后疫情”时代。04 “后疫情”时代布局2020年，在疫情最严重的时候，宋城演艺在全国的重要城市和一线旅游地抢先布局，为后期的经营打下基础。自2020年起，宋城演艺开始尝试多元化发展，不断试点新的演艺项目。其在上海试点城市演艺项目，在面向旅客的同时，也挖掘本地常驻居民，增加产品的复购率。同时，其还在杭州试点演艺王国模式，在珠海试点演艺谷模式，为未来的发展方向不断探索新的道路。图源:宋城演艺官网虽然宋城演艺的探索已经取得了一定的成效，但其未来的拓展之路却并不平坦。在项目投资上，宋城演艺在三亚和丽江等项目的成功，虽然证明了其异地复制项目的能力。但是旗下泰山千古情项目关停，武夷山等项目夭折注销，也反映出宋城演艺在拓展旅游景点上的不成熟，以及经典选址的重要性。在线上布局方面，宋城演艺曾尝试入局风口之上的互联网直播，收购了“六间房”直播公司。但是，其在线下线上的转换效果不佳，不但没有为其增加收益，反而拖累了其业绩增长。2020年，宋城演艺确认了18.3亿的长期股权投资损失和减值准备，在直播业务上及时止损，轻装上阵回归线下主业。图源:宋城演艺官网同时，由于疫情在全球的蔓延发展，宋城演艺的国际化战略前途未卜。在宋城演艺的海外投资布局中，澳大利亚项目是其出海的第一步，但目前已基本停滞，宋城演艺的国际化战略，遇到了瓶颈。结语短期来看，疫情对旅游演艺行业的影响很大，使宋城演艺的未来发展更偏负面、更难以预测。长期来看，作为演艺第一股，宋城演艺值得借鉴的成功经验较少，拓展过程具有很大的不确定性。但是，进一步巩固并扩大市场份额，提升竞争优势，“后疫情”时代的宋城演艺，优势可能会得到进一步的发挥。
1640910085-192,https://search.sina.com.cn/?c=news&q=%E7%96%AB%E6%83%85&from=home&ie=utf-8,,——公安莲湖分局出入境管理科双警、医警家庭携手战疫情,当地时间2021年12月26日，美国得克萨斯州奥斯汀，大批民众驾车排长队等待核酸检测。图片来源：视觉中国这已经是新冠病毒侵袭人类的第三个冬天了。全球累计确诊病例,,,,
1640910244-205,https://search.sina.com.cn/?c=news&q=%E7%96%AB%E6%83%85&from=home&ie=utf-8,,,当地时间2021年12月26日，美国得克萨斯州奥斯汀，大批民众驾车排长队等待核酸检测。图片来源：视觉中国这已经是新冠病毒侵袭人类的第三个冬天了。全球累计确诊病例,西安经开区召开疫情防控专题会议,https://k.sina.com.cn/article_7517400647_1c0126e47059027onb.html,2021年12月30日 19:56,"12月28日下午，市委常委、经开区党工委书记康军主持召开全区疫情防控专题会议，传达全市疫情防控调度会精神，分析研判当前疫情形势，梳理存在问题，安排部署下一步工作。　　党工委、管委会领导班子及其他市管干部，各部门主要负责人，泾渭新城、渭北新城管理办负责人，各直属国有公司和各垂直管理机构主要负责人参加。　　会议指出，全市疫情防控正处于关键时期，拐点尚未到来，全区上下要充分认清当前疫情防控的严峻形势，坚决把疫情防控作为当前的头等大事和首要政治任务，咬紧牙关、保持定力，发扬攻坚克难、连续作战的精气神，把全部精力放到疫情防控工作上来，全面落实疫情防控各项措施，时刻保持清醒头脑，时刻保持战斗状态，坚决做到守土有责、守土担责、守土尽责，坚决打赢疫情防控阻击战歼灭战。　　会议强调，要总结经验、正视问题，始终保持高度警醒。对于目前工作中暴露出的一些问题，需要引起高度重视，尽快规避和解决。要夯实责任、严明纪律，切实形成工作合力。要健全扁平化应急指挥体系，调整优化全区疫情防控指挥体系，保持24小时高效运转，加强信息沟通，确保令出必行。要严格落实工作责任，把防控责任落细落实，做到全覆盖、无死角。要发挥党员先锋模范作用，具备条件的社区小区要成立临时党支部、组建先锋队。要切实加强追责问责，加强督导检查，加大问责力度，对工作不力、推诿扯皮的人和事严肃追责问责，切实推动疫情防控工作严起来、紧起来、实起来。　　会议强调，要坚定信心、迎难而上，从严落实防控措施。要提高政治站位，始终绷紧疫情防控思想之弦，始终保持战时状态，严密防范果断处置，全力以赴遏制疫情传播势头。要周密组织安排，提前准备、细化台账、优化流程、加快速度，加强一线工作人员特别是医护人员后勤服务保障，确保核酸检测全面覆盖、规范高效。要加强人员管控，坚决杜绝重点人员漏管、失管、脱管。要坚持严防死守，切实加强社区小区封闭管理，严格人员进出管理，切实做好消杀工作，及时回应群众需求。要形成工作闭环，严防隔离酒店交叉感染，实行专人专岗、封闭式管理，不断提升管控服务水平。要强化物资保障，加强应急物资的采购储备，切实保障群众蔬菜、肉蛋奶、粮食等生活必需品的基本供应，切实保障人民群众的健康安全。　　（中国日报陕西记者站）　　【责任编辑：王晗】　　来源：中国日报网
								
				  
				
				

				特别声明：以上文章内容仅代表作者本人观点，不代表新浪网观点或立场。如有关于作品内容、版权或其它问题请于作品发表后的30日内与新浪网联系。"
1640910085-183,https://search.sina.com.cn/?c=news&q=%E7%96%AB%E6%83%85&from=home&ie=utf-8,,稷山疫情传播链已被阻断,当地时间2021年12月26日，美国得克萨斯州奥斯汀，大批民众驾车排长队等待核酸检测。图片来源：视觉中国这已经是新冠病毒侵袭人类的第三个冬天了。全球累计确诊病例,,,,
1640910288-207,https://search.sina.com.cn/?c=news&q=%E7%96%AB%E6%83%85&from=home&ie=utf-8,,,当地时间2021年12月26日，美国得克萨斯州奥斯汀，大批民众驾车排长队等待核酸检测。图片来源：视觉中国这已经是新冠病毒侵袭人类的第三个冬天了。全球累计确诊病例,医疗救治专家分析陕西本轮疫情特点！目前确诊病例病情平稳,https://k.sina.com.cn/article_7517400647_1c0126e47059027uoy.html,2021年12月31日 07:33,"陕西医疗救治专家分析解读陕西本轮疫情特点　　本轮疫情有哪些新特点，市民个人防护又要注意哪些方面？来看陕视记者对参与医疗救治专家西安交通大学第一附属医院教授韩建峰的专访。　　此次德尔塔病毒感染后　　很多人症状很轻微 但隐匿感染比较多　　12月30日，陕视记者采访了西安交通大学第一附属医院院长助理、教授韩建峰，他告诉记者，这次德尔塔病毒感染以后，很多人症状很轻微，但隐匿感染比较多。可以看到西安的社区核酸筛查，筛查出不少病例是无症状患者，现在社区筛查出来的无症状病人占到每天发病人数的三分之一。所以进行多轮次核酸筛查的原因，就是要把社区无症状、轻微症状的患者筛查出来。　　传播速度快　　确诊病例有年幼孩子和高龄老人　　此外，从本轮疫情看，德尔塔病毒的潜伏期比较长、传播速度快，确诊病例中有年幼的孩子，也有高龄的老人。　　韩建峰表示，带着病毒，症状又轻微，潜伏期长，给防控带来很大难度。可以看到，防控政策的升级，封闭管理、管控的时间较长，跟潜伏期是有关系的。但是整体来讲，市民也不必太惊慌，导致重症和需要治疗的情况，并不比原来的病毒有明显差异，和过去是一样的。　　迅速彻底地把感染者找出来　　坚决阻断疫情传播链条　　当前，疫情防控形势仍然严峻复杂，西安正在抓紧整个城市静下来的时机，安全精准全覆盖做好核酸筛查，迅速彻底地把感染者找出来，坚决阻断疫情传播链条。韩建峰教授也提醒大家，近期在社区进行核酸采样时，一定要做好个人防护。　　大家一定要排队，过去定的是“1米线”，现在可能需要1.8米，很多小区已经改成2米线甚至3米线，为了防止聚集引起的感染。　　采检时，碰到咽后壁可能会出现恶心等症状，有口水也不要急着去吐，把口罩戴上，这些口水咽下去是没有问题的。这时候咳嗽和呕吐，可能会出现气溶胶，可能会对下面采核酸的人带来一些污染。采完核酸后，不要逗留。　　速看！专家重要提醒▲　　多支医疗队进驻西安市胸科医院　　目前确诊病例病情平稳　　按照“集中患者、集中专家、集中资源、集中救治”的“四集中”原则，近日，西安交大一附院和省人民医院重症医疗团队已进驻西安市胸科医院，截止目前，西安市胸科医院收治确诊病例均病情平稳。　　陕西省人民医院近日分别派出了由呼吸专科和重症医学医生组成的两支共130人整建制医疗队，负责接管西安市胸科医院部分病区。目前，病区内收治的确诊患者中，最小的9岁，最大的60多岁。　　陕西省人民医院整建制医疗队队长 魏声泓：　　病人病情也相对平稳，我们重症科的病人相对来说更少了。目前来讲工作都很顺利，我们就是想要把所有的这些病人，让他们能够平稳度过危险期。　　魏声泓介绍，目前普通组的患者大多为新冠肺炎轻型患者，主要的症状是发热，咽干咳嗽、胸闷等，他们分别进行了氧疗和中西医结合的方法进行治疗，目前病情平稳，生活也被照顾得非常好。　　陕西省人民医院整建制医疗队队长 魏声泓：　　下一步就是在病人症状消失，体温正常三天之后，我们会不间断地给他采集核酸，如果核酸连续两次阴性，那我们就会提交专家组讨论。接下来的工作，我们想在确保安全的情况下，逐渐安排患者出院。　　转自|陕西广电融媒体集团·起点新闻 记者 | 宋蕊 张力 马丽娜 陶柯宇 郭可舟
								
				  
				
				

				特别声明：以上文章内容仅代表作者本人观点，不代表新浪网观点或立场。如有关于作品内容、版权或其它问题请于作品发表后的30日内与新浪网联系。"
